{
  "project_info": {
    "project_number": "515390107825",
    "project_id": "datdoan-47999",
    "storage_bucket": "datdoan-47999.appspot.com"
  },
  "client": [
    {
      "client_info": {
        "mobilesdk_app_id": "1:515390107825:android:370894b7222eaabb283290",
        "android_client_info": {
          "package_name": "com.example.btl_app_dat_do_an"
        }
      },
      "oauth_client": [
        {
          "client_id": "515390107825-sji0v346gfjsa43tqrfc5gnh1bj07b9i.apps.googleusercontent.com",
          "client_type": 3
        }
      ],
      "api_key": [
        {
          "current_key": "AIzaSyDuUVmkto4gR2T69I2sdb6Qean6dhtoCFE"
        }
      ],
      "services": {
        "appinvite_service": {
          "other_platform_oauth_client": [
            {
              "client_id": "515390107825-sji0v346gfjsa43tqrfc5gnh1bj07b9i.apps.googleusercontent.com",
              "client_type": 3
            }
          ]
        }
      }
    }
  ],
  "configuration_version": "1"
}